Criterio,Peso,Excelente (100%),Aceptable (80%),Insuficiente (60% o menos)
Ejecución/Despliegue,20,La app corre sin errores y cumple rutas/URLs,Corre con advertencias menores,Falla o rutas no disponibles
Funcionalidad requerida,30,Todas las tareas cumplen y pasan pruebas,Mayoría cumple con pequeños errores,Varias tareas incompletas/fallan
Calidad de código,20,Estructura clara, nombres adecuados, sin duplicación,Aceptable con algunos smells,Desordenado/mezcla de capas
Manejo de errores,15,Mensajes claros, códigos HTTP correctos, validaciones sólidas,Valida parcialmente, errores genéricos,Sin manejo/validación
Reflexión técnica,15,Análisis claro y fundamentado,Responde superficialmente,No entrega o fuera de tema
